{"cameraMode":{"drawMode":0,"name":"Shaded","section":"Shading Mode"},"sceneLighting":true,"audioPlay":false,"sceneViewState":{"m_AlwaysRefresh":false,"showFog":true,"showSkybox":true,"showFlares":true,"showImageEffects":true,"showParticleSystems":true,"showVisualEffectGraphs":true,"m_FxEnabled":true},"in2DMode":false,"pivot":{"x":-0.3524717688560486,"y":0.7329574823379517,"z":0.5230814814567566},"rotation":{"x":0.42592698335647585,"y":0.5399852395057678,"z":-0.36728784441947939,"w":0.6261987686157227},"size":0.9876965880393982,"orthographic":true}