{"cameraMode":{"drawMode":0,"name":"Shaded","section":"Shading Mode"},"sceneLighting":true,"audioPlay":false,"sceneViewState":{"m_AlwaysRefresh":false,"showFog":true,"showSkybox":true,"showFlares":true,"showImageEffects":true,"showParticleSystems":true,"showVisualEffectGraphs":true,"m_FxEnabled":true},"in2DMode":false,"pivot":{"x":-0.7922722697257996,"y":0.8320818543434143,"z":0.9062722325325012},"rotation":{"x":0.4562678039073944,"y":0.3900160789489746,"z":-0.23251447081565858,"w":0.7653036713600159},"size":1.2640702724456788,"orthographic":false}